{
  "a": 0.24771504913644563,
  "b": 0.3929272835920071,
  "c": 0.011126659571810244,
  "R2_raw_beta": 0.9535754625284067,
  "n_points_used": 42,
  "n_points_total": 42,
  "MAE_uncorrected_eta_pct": 36.01261645502646,
  "MAE_corrected_eta_pct": 5.010951745494996,
  "max_error_uncorrected_eta_pct": 62.6378426849007,
  "max_error_corrected_eta_pct": 18.382955387682184,
  "median_error_uncorrected_eta_pct": 38.99481573585208,
  "median_error_corrected_eta_pct": 3.782077156023173,
  "improvement_factor": 7.186781730118025,
  "err_eta_pct_by_p": {
    "(0.0,0.1]": {
      "n": 13,
      "mean": 4.6337664831876975,
      "max": 10.31386248554518
    },
    "(0.1,0.2]": {
      "n": 17,
      "mean": 2.5258322957588084,
      "max": 7.1199521668224675
    },
    "(0.2,0.35]": {
      "n": 12,
      "mean": 8.940155000120837,
      "max": 18.382955387682184
    }
  },
  "err_eta_pct_by_delta": {
    "(0.0,3.0]": {
      "n": 11,
      "mean": 6.42449974965684,
      "max": 16.880557446984238
    },
    "(3.0,7.0]": {
      "n": 11,
      "mean": 4.672423610100091,
      "max": 15.682625085120803
    },
    "(7.0,10.0]": {
      "n": 11,
      "mean": 3.009804650221017,
      "max": 10.31386248554518
    },
    "(10.0,15.0]": {
      "n": 9,
      "mean": 6.142885022336935,
      "max": 18.382955387682184
    }
  },
  "cov_diag": [
    0.00011043267189909942,
    0.00043595277203853865,
    9.69767492461531E-07
  ]
}
